"","motif","match","score","count","ratio_perc","p_value"
"motif1","AAACCGAGCAGC","ZNF519(Zf)",0.596,1,100,0.001
"motif2","CAGCGTGCCTAG","NFIC",0.615,1,100,0.001
"motif3","CATTGACCCCTA","PB0118.1_Esrra_2",0.814,1,100,0.001
"motif4","TTGGGTTGAGAT","SREBF1",0.597,1,100,0.001
"motif5","TGAGTTAACTTC","PH0167.1_Tcf1",0.735,1,100,0.001
"motif6","CTATGACTTTCT","Nr2e1",0.668,1,100,0.001
"motif7","GAGCCCGCCTGT","POL006.1_BREu",0.659,1,100,0.001
"motif8","CCCCCTGCTATT","CTCFL",0.71,1,100,0.001
"motif9","GATGAAACTGCT","PRDM4",0.658,1,100,0.001
"motif10","CTTTGTTACTGA","SOX10",0.736,1,100,0.001
"motif11","AATGACAATTAA","PB0108.1_Atf1_2",0.732,1,100,0.001
"motif12","ATGCAATTCAAC","PB0169.1_Sox15_2",0.694,1,100,0.001
"motif13","TAATAATAATGC","PB0069.1_Sox21_1",0.714,1,100,0.001
"motif14","TCTTAACGCG","BARHL1",0.634,1,100,0.001
"motif15","AACAGCCAAAAC","ZNF341",0.71,1,100,0.001
"motif16","TACTTCTGAGCA","STAT5(Stat)",0.643,1,100,0.001
"motif17","GTCACGTGTTTC","TFEC",0.806,1,100,0.001
"motif18","TTTACAATGTTC","SOX2",0.661,1,100,0.001
"motif19","CCCGAACTCCAA","ZNF135",0.612,1,100,0.001
"motif20","CCCGCACAAGTG","MNT(bHLH)",0.668,1,100,0.001
"motif21","CCCAGTCCGCAA","HINFP(Zf)",0.618,1,100,0.001
"motif22","TGCGACTTCCCA","RBPJ",0.697,1,100,0.001
"motif23","ACGAGGGGGACT","PB0114.1_Egr1_2",0.765,1,100,0.001
"motif24","GGCTATGACACC","PH0164.1_Six4",0.734,1,100,0.001
"motif25","TTAAAATGCGGG","PB0024.1_Gcm1_1",0.716,1,100,0.001
"motif26","ATTAGTGGAC","ZNF354C",0.669,1,100,0.001
"motif27","CGTTACACCC","MGA",0.655,1,100,0.001
"motif28","CCCGGGTATG","p53(p53)",0.714,1,100,0.001
"motif29","ATCGTTCATC","NR1I3",0.657,1,100,0.001
"motif30","TTGCCTACCG","SD0002.1_at_AC_acceptor",0.639,1,100,0.001
"motif31","GCTCACCGAT","CUX2",0.595,1,100,0.001
"motif32","ATCGCAGGTT","TCF3",0.652,1,100,0.001
"motif33","CGGCCAACGT","NFYB",0.666,1,100,0.01
"motif34","GTAACTTGTC","HMBOX1",0.644,1,100,0.01
"motif35","CATAAAACGG","CDX1",0.757,1,100,0.01
"motif36","GACAGACCGT","Tbox:Smad(T-box,MAD)",0.635,1,100,0.01
"motif37","CCTAAATCAT","MEIS2(var.2)",0.807,1,100,0.01
"motif38","TGAAACGCTC","IRF4(IRF)",0.617,1,100,0.01
"motif39","TATTCAAGCA","DUX(Homeobox)",0.67,1,100,0.01
"motif40","ATCGCCGA","MZF1",0.571,1,100,0.1
