"","gene_short_name","num_cells_expressed","use_for_ordering"
"ACAP3","ACAP3",345,TRUE
"CCNL2","CCNL2",347,TRUE
"SSU72","SSU72",230,TRUE
"CHD5","CHD5",213,TRUE
"RPL22","RPL22",298,TRUE
"ACOT7","ACOT7",198,TRUE
"TNFRSF25","TNFRSF25",198,TRUE
"H6PD","H6PD",200,TRUE
"DNAJC16","DNAJC16",261,TRUE
"DDI2","DDI2",368,TRUE
"ATP13A2","ATP13A2",215,TRUE
"SDHB","SDHB",240,TRUE
"PADI2","PADI2",552,TRUE
"NBL1","NBL1",254,TRUE
"CAMK2N1","CAMK2N1",531,TRUE
"C1QA","C1QA",315,TRUE
"C1QC","C1QC",431,TRUE
"C1QB","C1QB",535,TRUE
"RPL11","RPL11",467,TRUE
"SRRM1","SRRM1",456,TRUE
"STMN1","STMN1",373,TRUE
"ATP5IF1","ATP5IF1",180,TRUE
"GMEB1","GMEB1",204,TRUE
"RNF19B","RNF19B",330,TRUE
"AZIN2","AZIN2",550,TRUE
"NCDN","NCDN",226,TRUE
"MEAF6","MEAF6",227,TRUE
"PABPC4","PABPC4",231,TRUE
"PPT1","PPT1",306,TRUE
"ERMAP","ERMAP",285,TRUE
"KDM4A","KDM4A",218,TRUE
"ATP6V0B","ATP6V0B",311,TRUE
"RPS8","RPS8",415,TRUE
"AKR1A1","AKR1A1",391,TRUE
"UQCRH","UQCRH",275,TRUE
"TAL1","TAL1",426,TRUE
"ELAVL4","ELAVL4",434,TRUE
"TMEM59","TMEM59",333,TRUE
"JUN","JUN",208,TRUE
"TM2D1","TM2D1",344,TRUE
"LEPR","LEPR",218,TRUE
"ST6GALNAC5","ST6GALNAC5",288,TRUE
"PIGK","PIGK",210,TRUE
"IFI44L","IFI44L",403,TRUE
"IFI44","IFI44",205,TRUE
"SELENOF","SELENOF",300,TRUE
"GTF2B","GTF2B",260,TRUE
"ZNF326","ZNF326",303,TRUE
"RPL5","RPL5",407,TRUE
"CCDC18","CCDC18",178,TRUE
"TRMT13","TRMT13",254,TRUE
"SLC30A7","SLC30A7",326,TRUE
"RNPC3","RNPC3",579,TRUE
"PRPF38B","PRPF38B",526,TRUE
"DRAM2","DRAM2",392,TRUE
"TMIGD3","TMIGD3",545,TRUE
"ADORA3","ADORA3",241,TRUE
"WNT2B","WNT2B",497,TRUE
"LINC01356","LINC01356",190,TRUE
"LINC01357","LINC01357",434,TRUE
"ATP1A1","ATP1A1",454,TRUE
"CD58","CD58",318,TRUE
"LINC00623","LINC00623",187,TRUE
"FCGR1B","FCGR1B",239,TRUE
"TXNIP","TXNIP",442,TRUE
"FCGR1A","FCGR1A",185,TRUE
"SV2A","SV2A",210,TRUE
"MRPS21","MRPS21",244,TRUE
"CTSS","CTSS",455,TRUE
"C1orf56","C1orf56",146,TRUE
"CDC42SE1","CDC42SE1",305,TRUE
"PI4KB","PI4KB",340,TRUE
"RPS27","RPS27",761,TRUE
"FDPS","FDPS",220,TRUE
"SYT11","SYT11",419,TRUE
"CCT3","CCT3",200,TRUE
"C1orf61","C1orf61",298,TRUE
"MNDA","MNDA",395,TRUE
"PEA15","PEA15",249,TRUE
"ARHGAP30","ARHGAP30",240,TRUE
"NDUFS2","NDUFS2",268,TRUE
"FCGR2A","FCGR2A",205,TRUE
"FCGR3A","FCGR3A",234,TRUE
"RGS4","RGS4",260,TRUE
"MGST3","MGST3",324,TRUE
"C1orf112","C1orf112",305,TRUE
"KLHL20","KLHL20",302,TRUE
"ZBTB37","ZBTB37",213,TRUE
"LINC01645","LINC01645",189,TRUE
"SOAT1","SOAT1",532,TRUE
"TOR1AIP2","TOR1AIP2",243,TRUE
"GLUL","GLUL",602,TRUE
"ARPC5","ARPC5",290,TRUE
"NIBAN1","NIBAN1",363,TRUE
"RGS1","RGS1",274,TRUE
"BTG2","BTG2",326,TRUE
"ELK4","ELK4",260,TRUE
"AC119673.2","AC119673.2",244,TRUE
"PFKFB2","PFKFB2",206,TRUE
"TATDN3","TATDN3",311,TRUE
"ANGEL2","ANGEL2",308,TRUE
"AIDA","AIDA",357,TRUE
"BROX","BROX",206,TRUE
"FAM177B","FAM177B",259,TRUE
"AL392172.1","AL392172.1",441,TRUE
"TLR5","TLR5",335,TRUE
"DEGS1","DEGS1",236,TRUE
"LBR","LBR",261,TRUE
"H3F3A","H3F3A",447,TRUE
"GUK1","GUK1",280,TRUE
"CCSAP","CCSAP",214,TRUE
"LINC01736","LINC01736",180,TRUE
"EGLN1","EGLN1",404,TRUE
"TOMM20","TOMM20",323,TRUE
"B3GALNT2","B3GALNT2",238,TRUE
"HEATR1","HEATR1",254,TRUE
"COX20","COX20",200,TRUE
"CNST","CNST",302,TRUE
"ZNF124","ZNF124",568,TRUE
"RPS7","RPS7",283,TRUE
"ID2","ID2",295,TRUE
"TAF1B","TAF1B",205,TRUE
"VSNL1","VSNL1",541,TRUE
"RHOB","RHOB",266,TRUE
"MRPL33","MRPL33",204,TRUE
"PLB1","PLB1",286,TRUE
"LINC00486","LINC00486",497,TRUE
"GALM","GALM",208,TRUE
"SRSF7","SRSF7",571,TRUE
"COX7A2L","COX7A2L",225,TRUE
"PREPL","PREPL",590,TRUE
"SRBD1","SRBD1",454,TRUE
"AC018682.1","AC018682.1",145,TRUE
"RPS27A","RPS27A",534,TRUE
"AC132153.1","AC132153.1",282,TRUE
"REL","REL",442,TRUE
"KIAA1841","KIAA1841",269,TRUE
"CCT4","CCT4",287,TRUE
"MDH1","MDH1",304,TRUE
"AC012368.1","AC012368.1",401,TRUE
"PLEK","PLEK",339,TRUE
"PCBP1","PCBP1",211,TRUE
"DYSF","DYSF",214,TRUE
"MOB1A","MOB1A",302,TRUE
"AUP1","AUP1",226,TRUE
"GCFC2","GCFC2",252,TRUE
"TMSB10","TMSB10",686,TRUE
"MAT2A","MAT2A",345,TRUE
"KDM3A","KDM3A",301,TRUE
"MRPS5","MRPS5",277,TRUE
"STARD7","STARD7",276,TRUE
"SNRNP200","SNRNP200",221,TRUE
"ARID5A","ARID5A",270,TRUE
"COX5B","COX5B",188,TRUE
"EIF5B","EIF5B",281,TRUE
"RPL31","RPL31",481,TRUE
"SLC20A1","SLC20A1",236,TRUE
"CBWD2","CBWD2",253,TRUE
"GYPC","GYPC",230,TRUE
"PTPN18","PTPN18",426,TRUE
"TMEM163","TMEM163",400,TRUE
"AC114763.1","AC114763.1",239,TRUE
"ACVR2A","ACVR2A",354,TRUE
"PRPF40A","PRPF40A",444,TRUE
"ARL6IP6","ARL6IP6",216,TRUE
"WDSUB1","WDSUB1",373,TRUE
"CD302","CD302",329,TRUE
"LY75","LY75",217,TRUE
"DHRS9","DHRS9",201,TRUE
"DCAF17","DCAF17",213,TRUE
"PDK1","PDK1",196,TRUE
"CIR1","CIR1",300,TRUE
"CHN1","CHN1",904,TRUE
"DNAJC10","DNAJC10",457,TRUE
"ZC3H15","ZC3H15",246,TRUE
"STAT1","STAT1",222,TRUE
"NABP1","NABP1",311,TRUE
"STK17B","STK17B",199,TRUE
"HSPD1","HSPD1",235,TRUE
"MOB4","MOB4",205,TRUE
"CLK1","CLK1",596,TRUE
"SUMO1","SUMO1",210,TRUE
"NOP58","NOP58",274,TRUE
"AC009226.1","AC009226.1",189,TRUE
"METTL21A","METTL21A",263,TRUE
"IDH1","IDH1",217,TRUE
"SPAG16","SPAG16",324,TRUE
"SMARCAL1","SMARCAL1",255,TRUE
"RPL37A","RPL37A",627,TRUE
"PNKD","PNKD",196,TRUE
"SLC11A1","SLC11A1",344,TRUE
"DNAJB2","DNAJB2",273,TRUE
"AC009950.1","AC009950.1",321,TRUE
"SP110","SP110",516,TRUE
"ITM2C","ITM2C",287,TRUE
"COPS7B","COPS7B",217,TRUE
"STK25","STK25",237,TRUE
"ATG4B","ATG4B",391,TRUE
"ING5","ING5",222,TRUE
"D2HGDH","D2HGDH",316,TRUE
"CRBN","CRBN",303,TRUE
"AC034195.1","AC034195.1",275,TRUE
"BRK1","BRK1",204,TRUE
"VHL","VHL",235,TRUE
"IRAK2","IRAK2",349,TRUE
"PPARG","PPARG",228,TRUE
"RPL32","RPL32",523,TRUE
"FGD5-AS1","FGD5-AS1",221,TRUE
"ZNF385D","ZNF385D",295,TRUE
"RPL15","RPL15",406,TRUE
"GPD1L","GPD1L",213,TRUE
"CMTM6","CMTM6",407,TRUE
"EPM2AIP1","EPM2AIP1",283,TRUE
"ACAA1","ACAA1",222,TRUE
"OXSR1","OXSR1",403,TRUE
"RPSA","RPSA",309,TRUE
"RPL14","RPL14",376,TRUE
"CCK","CCK",321,TRUE
"LIMD1","LIMD1",232,TRUE
"CCDC12","CCDC12",286,TRUE
"TMA7","TMA7",312,TRUE
"IP6K2","IP6K2",345,TRUE
"WDR6","WDR6",304,TRUE
"RPL29","RPL29",275,TRUE
"NISCH","NISCH",385,TRUE
"STAB1","STAB1",570,TRUE
"TKT","TKT",216,TRUE
"APPL1","APPL1",374,TRUE
"SYNPR","SYNPR",210,TRUE
"SUCLG2-AS1","SUCLG2-AS1",253,TRUE
"TMF1","TMF1",263,TRUE
"UBA3","UBA3",410,TRUE
"ARL6IP5","ARL6IP5",462,TRUE
"MITF","MITF",420,TRUE
"CNTN3","CNTN3",247,TRUE
"GBE1","GBE1",538,TRUE
"CGGBP1","CGGBP1",315,TRUE
"NSUN3","NSUN3",350,TRUE
"DCBLD2","DCBLD2",205,TRUE
"TBC1D23","TBC1D23",310,TRUE
"RPL24","RPL24",277,TRUE
"NFKBIZ","NFKBIZ",229,TRUE
"TAGLN3","TAGLN3",217,TRUE
"GAP43","GAP43",310,TRUE
"EAF2","EAF2",208,TRUE
"PARP9","PARP9",271,TRUE
"CNBP","CNBP",268,TRUE
"PLXND1","PLXND1",294,TRUE
"CDV3","CDV3",211,TRUE
"RAB6B","RAB6B",220,TRUE
"SLC35G2","SLC35G2",192,TRUE
"NCK1-DT","NCK1-DT",382,TRUE
"CEP70","CEP70",226,TRUE
"ANKUB1","ANKUB1",161,TRUE
"PFN2","PFN2",196,TRUE
"SERP1","SERP1",262,TRUE
"MED12L","MED12L",597,TRUE
"P2RY13","P2RY13",565,TRUE
"SLC33A1","SLC33A1",225,TRUE
"CCNL1","CCNL1",437,TRUE
"KPNA4","KPNA4",481,TRUE
"SERPINI1","SERPINI1",412,TRUE
"GOLIM4","GOLIM4",263,TRUE
"SEC62","SEC62",447,TRUE
"NCEH1","NCEH1",227,TRUE
"ATP11B","ATP11B",543,TRUE
"MCF2L2","MCF2L2",612,TRUE
"KLHL6","KLHL6",273,TRUE
"AP2M1","AP2M1",315,TRUE
"EIF4G1","EIF4G1",202,TRUE
"C3orf70","C3orf70",211,TRUE
"TRA2B","TRA2B",641,TRUE
"EIF4A2","EIF4A2",646,TRUE
"MB21D2","MB21D2",259,TRUE
"PPP1R2","PPP1R2",233,TRUE
"TFRC","TFRC",217,TRUE
"UBXN7","UBXN7",458,TRUE
"FYTTD1","FYTTD1",242,TRUE
"RPL35A","RPL35A",267,TRUE
"ATP5ME","ATP5ME",355,TRUE
"AC092535.4","AC092535.4",200,TRUE
"NELFA","NELFA",250,TRUE
"C4orf48","C4orf48",198,TRUE
"MXD4","MXD4",399,TRUE
"SH3BP2","SH3BP2",354,TRUE
"STK32B","STK32B",410,TRUE
"SH3TC1","SH3TC1",654,TRUE
"SLC2A9","SLC2A9",295,TRUE
"AC005699.1","AC005699.1",268,TRUE
"TLR10","TLR10",309,TRUE
"TLR1","TLR1",594,TRUE
"RPL9","RPL9",350,TRUE
"N4BP2","N4BP2",294,TRUE
"UCHL1","UCHL1",370,TRUE
"AASDH","AASDH",206,TRUE
"POLR2B","POLR2B",408,TRUE
"RCHY1","RCHY1",244,TRUE
"G3BP2","G3BP2",393,TRUE
"USO1","USO1",493,TRUE
"MRPL1","MRPL1",280,TRUE
"LINC01094","LINC01094",434,TRUE
"PAQR3","PAQR3",172,TRUE
"HELQ","HELQ",193,TRUE
"KLHL8","KLHL8",352,TRUE
"SPP1","SPP1",1030,TRUE
"FAM13A-AS1","FAM13A-AS1",208,TRUE
"MMRN1","MMRN1",207,TRUE
"HPGDS","HPGDS",388,TRUE
"EIF4E","EIF4E",414,TRUE
"METAP1","METAP1",200,TRUE
"NFKB1","NFKB1",513,TRUE
"RPL34","RPL34",520,TRUE
"LARP7","LARP7",255,TRUE
"PDE5A","PDE5A",176,TRUE
"LINC01091","LINC01091",608,TRUE
"MGST2","MGST2",417,TRUE
"INPP4B","INPP4B",351,TRUE
"OTUD4","OTUD4",318,TRUE
"PRMT9","PRMT9",214,TRUE
"RPS3A","RPS3A",289,TRUE
"PDGFC","PDGFC",554,TRUE
"NAF1","NAF1",229,TRUE
"GALNTL6","GALNTL6",404,TRUE
"SPCS3","SPCS3",293,TRUE
"AC078881.1","AC078881.1",240,TRUE
"TRAPPC11","TRAPPC11",325,TRUE
"ACSL1","ACSL1",284,TRUE
"EXOC3","EXOC3",275,TRUE
"LPCAT1","LPCAT1",203,TRUE
"C5orf17","C5orf17",191,TRUE
"CDH9","CDH9",292,TRUE
"SUB1","SUB1",364,TRUE
"PRKAA1","PRKAA1",251,TRUE
"RPL37","RPL37",498,TRUE
"PLCXD3","PLCXD3",448,TRUE
"AC025171.2","AC025171.2",228,TRUE
"HMGCS1","HMGCS1",233,TRUE
"TMEM267","TMEM267",210,TRUE
"DHX29","DHX29",251,TRUE
"TRIM23","TRIM23",220,TRUE
"CCDC125","CCDC125",319,TRUE
"GTF2H2","GTF2H2",228,TRUE
"ENC1","ENC1",559,TRUE
"HEXB","HEXB",205,TRUE
"HOMER1","HOMER1",465,TRUE
"RPS23","RPS23",360,TRUE
"XRCC4","XRCC4",350,TRUE
"COX7C","COX7C",257,TRUE
"ADGRV1","ADGRV1",302,TRUE
"AC104123.1","AC104123.1",279,TRUE
"PAM","PAM",378,TRUE
"SRP19","SRP19",219,TRUE
"REEP5","REEP5",354,TRUE
"MCC","MCC",227,TRUE
"TRIM36","TRIM36",332,TRUE
"ATG12","ATG12",213,TRUE
"SEMA6A-AS1","SEMA6A-AS1",273,TRUE
"TNFAIP8","TNFAIP8",247,TRUE
"SRFBP1","SRFBP1",255,TRUE
"HINT1","HINT1",215,TRUE
"HSPA4","HSPA4",335,TRUE
"SKP1","SKP1",384,TRUE
"PCBD2","PCBD2",327,TRUE
"AC010378.2","AC010378.2",231,TRUE
"PFDN1","PFDN1",261,TRUE
"CD14","CD14",281,TRUE
"PRELID2","PRELID2",368,TRUE
"CAMK2A","CAMK2A",458,TRUE
"RPS14","RPS14",435,TRUE
"TTC1","TTC1",266,TRUE
"GABRA1","GABRA1",271,TRUE
"GABRG2","GABRG2",273,TRUE
"PANK3","PANK3",260,TRUE
"NPM1","NPM1",218,TRUE
"DUSP1","DUSP1",219,TRUE
"NSG2","NSG2",241,TRUE
"SIMC1","SIMC1",334,TRUE
"SNCB","SNCB",256,TRUE
"FAM193B","FAM193B",433,TRUE
"CLK4","CLK4",340,TRUE
"LTC4S","LTC4S",280,TRUE
"MAPK9","MAPK9",413,TRUE
"RACK1","RACK1",369,TRUE
"DUSP22","DUSP22",288,TRUE
"NQO2","NQO2",238,TRUE
"TUBB2A","TUBB2A",239,TRUE
"SSR1","SSR1",363,TRUE
"NEDD9","NEDD9",279,TRUE
"CD83","CD83",297,TRUE
"CAP2","CAP2",260,TRUE
"RNF144B","RNF144B",317,TRUE
"CASC15","CASC15",253,TRUE
"HIST1H2AC","HIST1H2AC",414,TRUE
"TRIM27","TRIM27",304,TRUE
"GABBR1","GABBR1",309,TRUE
"HLA-A","HLA-A",239,TRUE
"TRIM26","TRIM26",213,TRUE
"HLA-E","HLA-E",468,TRUE
"PPP1R18","PPP1R18",184,TRUE
"TUBB","TUBB",287,TRUE
"IER3","IER3",240,TRUE
"HCG22","HCG22",254,TRUE
"HLA-C","HLA-C",204,TRUE
"HLA-B","HLA-B",270,TRUE
"LST1","LST1",486,TRUE
"AIF1","AIF1",271,TRUE
"PRRC2A","PRRC2A",278,TRUE
"HSPA1A","HSPA1A",646,TRUE
"HSPA1B","HSPA1B",371,TRUE
"ATF6B","ATF6B",279,TRUE
"HLA-DRA","HLA-DRA",445,TRUE
"HLA-DRB5","HLA-DRB5",186,TRUE
"HLA-DRB1","HLA-DRB1",508,TRUE
"HLA-DMB","HLA-DMB",337,TRUE
"HLA-DMA","HLA-DMA",264,TRUE
"BRD2","BRD2",298,TRUE
"HLA-DPA1","HLA-DPA1",232,TRUE
"HLA-DPB1","HLA-DPB1",301,TRUE
"RPS18","RPS18",418,TRUE
"RGL2","RGL2",257,TRUE
"NUDT3","NUDT3",448,TRUE
"DEF6","DEF6",425,TRUE
"RPL10A","RPL10A",216,TRUE
"SRSF3","SRSF3",343,TRUE
"C6orf89","C6orf89",349,TRUE
"CNPY3","CNPY3",369,TRUE
"KLHDC3","KLHDC3",214,TRUE
"CUL9","CUL9",214,TRUE
"TMEM63B","TMEM63B",231,TRUE
"PTCHD4","PTCHD4",230,TRUE
"EEF1A1","EEF1A1",719,TRUE
"COX7A2","COX7A2",182,TRUE
"TMEM30A","TMEM30A",307,TRUE
"HMGN3","HMGN3",516,TRUE
"CEP162","CEP162",274,TRUE
"PNRC1","PNRC1",264,TRUE
"USP45","USP45",215,TRUE
"CCNC","CCNC",231,TRUE
"PREP","PREP",333,TRUE
"PRDM1","PRDM1",280,TRUE
"OSTM1","OSTM1",250,TRUE
"SNX3","SNX3",331,TRUE
"MICAL1","MICAL1",216,TRUE
"CDC40","CDC40",261,TRUE
"LINC01268","LINC01268",516,TRUE
"TSPYL1","TSPYL1",315,TRUE
"MAN1A1","MAN1A1",611,TRUE
"AL078600.1","AL078600.1",236,TRUE
"ARHGAP18","ARHGAP18",318,TRUE
"MED23","MED23",345,TRUE
"SLC18B1","SLC18B1",343,TRUE
"RPS12","RPS12",308,TRUE
"AL078590.2","AL078590.2",342,TRUE
"AL592429.2","AL592429.2",462,TRUE
"VTA1","VTA1",278,TRUE
"RAB32","RAB32",202,TRUE
"SYTL3","SYTL3",447,TRUE
"TAGAP","TAGAP",169,TRUE
"PRKAR1B","PRKAR1B",301,TRUE
"EIF3B","EIF3B",257,TRUE
"TTYH3","TTYH3",307,TRUE
"NXPH1","NXPH1",287,TRUE
"NDUFA4","NDUFA4",281,TRUE
"SCIN","SCIN",300,TRUE
"AC011287.1","AC011287.1",359,TRUE
"STEAP1B","STEAP1B",329,TRUE
"TOMM7","TOMM7",221,TRUE
"KLHL7","KLHL7",304,TRUE
"AC005165.1","AC005165.1",248,TRUE
"CBX3","CBX3",214,TRUE
"SNX10","SNX10",345,TRUE
"CPVL","CPVL",491,TRUE
"NOD1","NOD1",191,TRUE
"KBTBD2","KBTBD2",274,TRUE
"DPY19L1","DPY19L1",255,TRUE
"HERPUD2","HERPUD2",265,TRUE
"ELMO1-AS1","ELMO1-AS1",191,TRUE
"STK17A","STK17A",399,TRUE
"ZMIZ2","ZMIZ2",289,TRUE
"PPIA","PPIA",372,TRUE
"H2AFV","H2AFV",203,TRUE
"ADCY1","ADCY1",211,TRUE
"VWC2","VWC2",221,TRUE
"ZNF736","ZNF736",317,TRUE
"NSUN5","NSUN5",200,TRUE
"MLXIPL","MLXIPL",597,TRUE
"LIMK1","LIMK1",244,TRUE
"LAT2","LAT2",570,TRUE
"GTF2IRD2","GTF2IRD2",214,TRUE
"HSPB1","HSPB1",173,TRUE
"DTX2","DTX2",213,TRUE
"CCDC146","CCDC146",459,TRUE
"TMEM243","TMEM243",238,TRUE
"GTPBP10","GTPBP10",285,TRUE
"SAMD9L","SAMD9L",314,TRUE
"PDK4","PDK4",219,TRUE
"TECPR1","TECPR1",213,TRUE
"ATP5MF","ATP5MF",182,TRUE
"LAMTOR4","LAMTOR4",312,TRUE
"GAL3ST4","GAL3ST4",444,TRUE
"TSC22D4","TSC22D4",262,TRUE
"SAP25","SAP25",208,TRUE
"SLC12A9","SLC12A9",240,TRUE
"LHFPL3","LHFPL3",274,TRUE
"LINC01004","LINC01004",330,TRUE
"NAMPT","NAMPT",220,TRUE
"BCAP29","BCAP29",248,TRUE
"AC002463.1","AC002463.1",169,TRUE
"TMEM168","TMEM168",386,TRUE
"LSM8","LSM8",238,TRUE
"NDUFA5","NDUFA5",206,TRUE
"WASL","WASL",340,TRUE
"POT1","POT1",240,TRUE
"CALU","CALU",209,TRUE
"IRF5","IRF5",249,TRUE
"COPG2","COPG2",339,TRUE
"AUXG01000058.1","AUXG01000058.1",309,TRUE
"LINC00513","LINC00513",233,TRUE
"LINC-PINT","LINC-PINT",232,TRUE
"WDR91","WDR91",316,TRUE
"AC078845.1","AC078845.1",176,TRUE
"ZC3HAV1","ZC3HAV1",518,TRUE
"MKRN1","MKRN1",296,TRUE
"NDUFB2","NDUFB2",219,TRUE
"AC004918.1","AC004918.1",205,TRUE
"EPHB6","EPHB6",210,TRUE
"TCAF1","TCAF1",218,TRUE
"ZNF862","ZNF862",327,TRUE
"ATP6V0E2","ATP6V0E2",228,TRUE
"GIMAP4","GIMAP4",179,TRUE
"RHEB","RHEB",419,TRUE
"WDR60","WDR60",323,TRUE
"AGPAT5","AGPAT5",370,TRUE
"MTMR9","MTMR9",290,TRUE
"MSR1","MSR1",821,TRUE
"AC011586.2","AC011586.2",466,TRUE
"FGF20","FGF20",201,TRUE
"CNOT7","CNOT7",268,TRUE
"FGL1","FGL1",315,TRUE
"ASAH1","ASAH1",568,TRUE
"ATP6V1B2","ATP6V1B2",533,TRUE
"PHYHIP","PHYHIP",239,TRUE
"TNFRSF10B","TNFRSF10B",291,TRUE
"TNFRSF10D","TNFRSF10D",237,TRUE
"AC120193.1","AC120193.1",771,TRUE
"NEFL","NEFL",235,TRUE
"PNMA2","PNMA2",229,TRUE
"CLU","CLU",532,TRUE
"SARAF","SARAF",599,TRUE
"GSR","GSR",230,TRUE
"NRG1","NRG1",489,TRUE
"DDHD2","DDHD2",211,TRUE
"PLAT","PLAT",158,TRUE
"VDAC3","VDAC3",232,TRUE
"CEBPD","CEBPD",341,TRUE
"UBE2V2","UBE2V2",288,TRUE
"AC044893.1","AC044893.1",215,TRUE
"ST18","ST18",510,TRUE
"RPS20","RPS20",387,TRUE
"PLAG1","PLAG1",420,TRUE
"FAM110B","FAM110B",277,TRUE
"SDCBP","SDCBP",351,TRUE
"ARMC1","ARMC1",214,TRUE
"VCPIP1","VCPIP1",210,TRUE
"SNHG6","SNHG6",219,TRUE
"CPA6","CPA6",172,TRUE
"RPL7","RPL7",293,TRUE
"LY96","LY96",235,TRUE
"STMN2","STMN2",368,TRUE
"RMDN1","RMDN1",309,TRUE
"LRRC69","LRRC69",244,TRUE
"RBM12B","RBM12B",233,TRUE
"UQCRB","UQCRB",285,TRUE
"RPL30","RPL30",211,TRUE
"NIPAL2","NIPAL2",234,TRUE
"COX6C","COX6C",271,TRUE
"AZIN1","AZIN1",285,TRUE
"ATP6V1C1","ATP6V1C1",417,TRUE
"DPYS","DPYS",213,TRUE
"LRP12","LRP12",230,TRUE
"TAF2","TAF2",357,TRUE
"FAM91A1","FAM91A1",261,TRUE
"CCDC26","CCDC26",405,TRUE
"AC131568.1","AC131568.1",210,TRUE
"EEF1D","EEF1D",356,TRUE
"PLEC","PLEC",302,TRUE
"GRINA","GRINA",206,TRUE
"CYHR1","CYHR1",252,TRUE
"KIFC2","KIFC2",273,TRUE
"RPL8","RPL8",327,TRUE
"WASHC1","WASHC1",414,TRUE
"CBWD1","CBWD1",273,TRUE
"AK3","AK3",237,TRUE
"SNAPC3","SNAPC3",260,TRUE
"RPS6","RPS6",399,TRUE
"DDX58","DDX58",214,TRUE
"DNAJA1","DNAJA1",265,TRUE
"SMU1","SMU1",245,TRUE
"CLTA","CLTA",389,TRUE
"EBLN3P","EBLN3P",246,TRUE
"TRMT10B","TRMT10B",237,TRUE
"LINC01410","LINC01410",232,TRUE
"MAMDC2","MAMDC2",240,TRUE
"C9orf85","C9orf85",335,TRUE
"RORB","RORB",242,TRUE
"NMRK1","NMRK1",213,TRUE
"GKAP1","GKAP1",256,TRUE
"SPTLC1","SPTLC1",339,TRUE
"CENPP","CENPP",415,TRUE
"SUSD3","SUSD3",294,TRUE
"NINJ1","NINJ1",278,TRUE
"AL162414.1","AL162414.1",357,TRUE
"SUSD1","SUSD1",243,TRUE
"ATP6V1G1","ATP6V1G1",197,TRUE
"TLR4","TLR4",408,TRUE
"MRRF","MRRF",250,TRUE
"RC3H2","RC3H2",390,TRUE
"PSMB7","PSMB7",315,TRUE
"RPL35","RPL35",499,TRUE
"HSPA5","HSPA5",196,TRUE
"PBX3","PBX3",477,TRUE
"RPL12","RPL12",343,TRUE
"CDK9","CDK9",214,TRUE
"ENG","ENG",391,TRUE
"DNM1","DNM1",502,TRUE
"CERCAM","CERCAM",374,TRUE
"SET","SET",234,TRUE
"MIGA2","MIGA2",217,TRUE
"PTPA","PTPA",216,TRUE
"AL161785.1","AL161785.1",260,TRUE
"FAM78A","FAM78A",273,TRUE
"RPL7A","RPL7A",314,TRUE
"ADAMTSL2","ADAMTSL2",545,TRUE
"UBAC1","UBAC1",240,TRUE
"EDF1","EDF1",189,TRUE
"PTGDS","PTGDS",768,TRUE
"NPDC1","NPDC1",212,TRUE
"DPP7","DPP7",353,TRUE
"GRIN1","GRIN1",420,TRUE
"NOXA1","NOXA1",198,TRUE
"NSMF","NSMF",289,TRUE
"MRPL41","MRPL41",297,TRUE
"ARRDC1","ARRDC1",177,TRUE
"AC215217.1","AC215217.1",155,TRUE
"PFKP","PFKP",204,TRUE
"KLF6","KLF6",439,TRUE
"TAF3","TAF3",535,TRUE
"AL157392.3","AL157392.3",254,TRUE
"AC044781.1","AC044781.1",270,TRUE
"DCLRE1C","DCLRE1C",317,TRUE
"RSU1","RSU1",344,TRUE
"MRC1","MRC1",759,TRUE
"RAB18","RAB18",295,TRUE
"MACORIS","MACORIS",200,TRUE
"CREM","CREM",433,TRUE
"TMEM72-AS1","TMEM72-AS1",239,TRUE
"NCOA4","NCOA4",245,TRUE
"IPMK","IPMK",377,TRUE
"ARID5B","ARID5B",460,TRUE
"REEP3","REEP3",395,TRUE
"AC013287.1","AC013287.1",260,TRUE
"SRGN","SRGN",567,TRUE
"P4HA1","P4HA1",617,TRUE
"ZSWIM8","ZSWIM8",369,TRUE
"VCL","VCL",302,TRUE
"SAMD8","SAMD8",430,TRUE
"RPS24","RPS24",561,TRUE
"RNLS","RNLS",301,TRUE
"CH25H","CH25H",230,TRUE
"LIPA","LIPA",476,TRUE
"KIF20B","KIF20B",202,TRUE
"IDE","IDE",286,TRUE
"FRA10AC1","FRA10AC1",332,TRUE
"ENTPD1-AS1","ENTPD1-AS1",780,TRUE
"CC2D2B","CC2D2B",258,TRUE
"HPS1","HPS1",211,TRUE
"NDUFB8","NDUFB8",305,TRUE
"TRIM8","TRIM8",265,TRUE
"ATP5MD","ATP5MD",242,TRUE
"SLK","SLK",267,TRUE
"SORCS1","SORCS1",445,TRUE
"PDCD4","PDCD4",350,TRUE
"NHLRC2","NHLRC2",441,TRUE
"FAM204A","FAM204A",269,TRUE
"DENND10","DENND10",204,TRUE
"DHX32","DHX32",251,TRUE
"TUBGCP2","TUBGCP2",253,TRUE
"DEAF1","DEAF1",317,TRUE
"RPLP2","RPLP2",520,TRUE
"TOLLIP","TOLLIP",233,TRUE
"CTSD","CTSD",298,TRUE
"CD81","CD81",436,TRUE
"RPL27A","RPL27A",301,TRUE
"LYVE1","LYVE1",279,TRUE
"RPS13","RPS13",192,TRUE
"HPS5","HPS5",206,TRUE
"GTF2H1","GTF2H1",242,TRUE
"TSG101","TSG101",340,TRUE
"UEVLD","UEVLD",238,TRUE
"EIF3M","EIF3M",204,TRUE
"LMO2","LMO2",250,TRUE
"SLC1A2","SLC1A2",561,TRUE
"DDB2","DDB2",365,TRUE
"SPI1","SPI1",467,TRUE
"AC090559.1","AC090559.1",211,TRUE
"SELENOH","SELENOH",242,TRUE
"OSBP","OSBP",229,TRUE
"MS4A6A","MS4A6A",248,TRUE
"MS4A7","MS4A7",571,TRUE
"DDB1","DDB1",283,TRUE
"CPSF7","CPSF7",333,TRUE
"FTH1","FTH1",1256,TRUE
"EEF1G","EEF1G",242,TRUE
"GANAB","GANAB",221,TRUE
"BSCL2","BSCL2",247,TRUE
"HNRNPUL2","HNRNPUL2",212,TRUE
"STX5","STX5",311,TRUE
"NAA40","NAA40",261,TRUE
"STIP1","STIP1",210,TRUE
"CCDC88B","CCDC88B",366,TRUE
"RPS6KA4","RPS6KA4",266,TRUE
"FAU","FAU",307,TRUE
"LTBP3","LTBP3",277,TRUE
"EHBP1L1","EHBP1L1",399,TRUE
"SIPA1","SIPA1",292,TRUE
"CFL1","CFL1",394,TRUE
"CCDC85B","CCDC85B",222,TRUE
"CCS","CCS",209,TRUE
"GRK2","GRK2",499,TRUE
"ANKRD13D","ANKRD13D",399,TRUE
"POLD4","POLD4",190,TRUE
"NDUFV1","NDUFV1",334,TRUE
"ACY3","ACY3",204,TRUE
"UNC93B1","UNC93B1",278,TRUE
"CCND1","CCND1",271,TRUE
"AP002336.2","AP002336.2",206,TRUE
"NADSYN1","NADSYN1",269,TRUE
"INPPL1","INPPL1",328,TRUE
"ATG16L2","ATG16L2",449,TRUE
"PGM2L1","PGM2L1",280,TRUE
"SPCS2","SPCS2",314,TRUE
"RPS3","RPS3",399,TRUE
"AP003086.1","AP003086.1",443,TRUE
"PRCP","PRCP",215,TRUE
"PCF11","PCF11",428,TRUE
"CREBZF","CREBZF",250,TRUE
"CTSC","CTSC",444,TRUE
"CEP295","CEP295",217,TRUE
"TAF1D","TAF1D",440,TRUE
"CEP57","CEP57",294,TRUE
"CCDC82","CCDC82",233,TRUE
"EXPH5","EXPH5",210,TRUE
"RDX","RDX",516,TRUE
"BCO2","BCO2",599,TRUE
"PTS","PTS",271,TRUE
"FXYD6","FXYD6",302,TRUE
"IL10RA","IL10RA",429,TRUE
"ATP5MG","ATP5MG",250,TRUE
"RPS25","RPS25",512,TRUE
"THY1","THY1",338,TRUE
"HSPA8","HSPA8",219,TRUE
"TBRG1","TBRG1",415,TRUE
"NRGN","NRGN",758,TRUE
"FEZ1","FEZ1",261,TRUE
"CCND2","CCND2",354,TRUE
"TIGAR","TIGAR",314,TRUE
"GAPDH","GAPDH",655,TRUE
"TPI1","TPI1",246,TRUE
"ENO2","ENO2",309,TRUE
"ATN1","ATN1",234,TRUE
"CLSTN3","CLSTN3",225,TRUE
"SLC2A3","SLC2A3",194,TRUE
"C3AR1","C3AR1",196,TRUE
"AC092821.3","AC092821.3",197,TRUE
"CLEC2D","CLEC2D",481,TRUE
"CLEC9A","CLEC9A",194,TRUE
"CLEC7A","CLEC7A",413,TRUE
"OLR1","OLR1",691,TRUE
"GABARAPL1","GABARAPL1",200,TRUE
"KRAS","KRAS",236,TRUE
"SSPN","SSPN",250,TRUE
"LRRK2","LRRK2",456,TRUE
"GXYLT1","GXYLT1",218,TRUE
"PUS7L","PUS7L",216,TRUE
"AC008014.1","AC008014.1",606,TRUE
"PCED1B","PCED1B",666,TRUE
"PCED1B-AS1","PCED1B-AS1",229,TRUE
"HDAC7","HDAC7",297,TRUE
"CCNT1","CCNT1",224,TRUE
"ARF3","ARF3",266,TRUE
"TUBA1B","TUBA1B",816,TRUE
"TUBA1A","TUBA1A",410,TRUE
"FAIM2","FAIM2",349,TRUE
"AC074032.1","AC074032.1",227,TRUE
"LETMD1","LETMD1",217,TRUE
"PFDN5","PFDN5",316,TRUE
"ATP5MC2","ATP5MC2",310,TRUE
"HNRNPA1","HNRNPA1",352,TRUE
"CD63","CD63",229,TRUE
"RPS26","RPS26",196,TRUE
"RPL41","RPL41",778,TRUE
"MYL6","MYL6",269,TRUE
"SMARCC2","SMARCC2",234,TRUE
"STAT2","STAT2",284,TRUE
"ATP5F1B","ATP5F1B",327,TRUE
"NACA","NACA",399,TRUE
"STAT6","STAT6",367,TRUE
"KIF5A","KIF5A",240,TRUE
"OS9","OS9",323,TRUE
"TBC1D30","TBC1D30",200,TRUE
"LEMD3","LEMD3",412,TRUE
"HELB","HELB",222,TRUE
"NUP107","NUP107",247,TRUE
"AC025159.1","AC025159.1",317,TRUE
"GLIPR1","GLIPR1",308,TRUE
"TMTC3","TMTC3",204,TRUE
"BTG1","BTG1",328,TRUE
"LINC02391","LINC02391",419,TRUE
"NUDT4","NUDT4",198,TRUE
"METAP2","METAP2",305,TRUE
"SLC25A3","SLC25A3",284,TRUE
"IKBIP","IKBIP",196,TRUE
"WASHC3","WASHC3",299,TRUE
"HSP90B1","HSP90B1",395,TRUE
"CMKLR1","CMKLR1",481,TRUE
"ISCU","ISCU",208,TRUE
"TMEM119","TMEM119",249,TRUE
"SELPLG","SELPLG",511,TRUE
"ANAPC7","ANAPC7",226,TRUE
"PPP1CC","PPP1CC",213,TRUE
"ACAD10","ACAD10",309,TRUE
"RPL6","RPL6",356,TRUE
"SLC8B1","SLC8B1",296,TRUE
"FBXO21","FBXO21",319,TRUE
"WSB2","WSB2",254,TRUE
"RAB35","RAB35",210,TRUE
"GCN1","GCN1",222,TRUE
"RPLP0","RPLP0",217,TRUE
"COX6A1","COX6A1",243,TRUE
"DYNLL1","DYNLL1",388,TRUE
"CABP1","CABP1",283,TRUE
"RNF34","RNF34",260,TRUE
"ARL6IP4","ARL6IP4",294,TRUE
"RILPL2","RILPL2",300,TRUE
"UBC","UBC",530,TRUE
"BRI3BP","BRI3BP",275,TRUE
"ANKLE2","ANKLE2",248,TRUE
"MPHOSPH8","MPHOSPH8",485,TRUE
"NUP58","NUP58",319,TRUE
"RPL21","RPL21",473,TRUE
"MTIF3","MTIF3",276,TRUE
"POLR1D","POLR1D",197,TRUE
"POMP","POMP",218,TRUE
"ALOX5AP","ALOX5AP",244,TRUE
"HSPH1","HSPH1",408,TRUE
"RFC3","RFC3",269,TRUE
"UFM1","UFM1",226,TRUE
"TPT1","TPT1",580,TRUE
"LCP1","LCP1",295,TRUE
"PHF11","PHF11",299,TRUE
"TRIM13","TRIM13",314,TRUE
"DLEU7","DLEU7",270,TRUE
"KCTD12","KCTD12",495,TRUE
"FBXL3","FBXL3",243,TRUE
"GPC5","GPC5",438,TRUE
"GPR183","GPR183",221,TRUE
"CLYBL","CLYBL",376,TRUE
"ERCC5","ERCC5",256,TRUE
"TNFSF13B","TNFSF13B",247,TRUE
"GAS6-AS1","GAS6-AS1",181,TRUE
"GAS6","GAS6",346,TRUE
"NDRG2","NDRG2",430,TRUE
"ARHGEF40","ARHGEF40",325,TRUE
"SUPT16H","SUPT16H",237,TRUE
"SLC7A8","SLC7A8",284,TRUE
"SLC22A17","SLC22A17",250,TRUE
"NEDD8","NEDD8",220,TRUE
"AP4S1","AP4S1",272,TRUE
"EAPP","EAPP",202,TRUE
"NFKBIA","NFKBIA",255,TRUE
"SEC23A","SEC23A",356,TRUE
"PNN","PNN",275,TRUE
"RPS29","RPS29",362,TRUE
"RPL36AL","RPL36AL",179,TRUE
"PYGL","PYGL",247,TRUE
"ERO1A","ERO1A",254,TRUE
"MAPK1IP1L","MAPK1IP1L",303,TRUE
"ATG14","ATG14",231,TRUE
"PRKCH","PRKCH",616,TRUE
"HIF1A","HIF1A",662,TRUE
"CHURC1","CHURC1",244,TRUE
"SRSF5","SRSF5",744,TRUE
"LIN52","LIN52",359,TRUE
"NPC2","NPC2",176,TRUE
"TMED10","TMED10",332,TRUE
"FOS","FOS",188,TRUE
"TMED8","TMED8",244,TRUE
"SLIRP","SLIRP",241,TRUE
"SNW1","SNW1",246,TRUE
"AC007262.2","AC007262.2",369,TRUE
"STON2","STON2",349,TRUE
"LINC02328","LINC02328",406,TRUE
"NDUFB1","NDUFB1",202,TRUE
"LGMN","LGMN",485,TRUE
"DDX24","DDX24",288,TRUE
"MEG3","MEG3",1099,TRUE
"HSP90AA1","HSP90AA1",1088,TRUE
"EIF5","EIF5",343,TRUE
"CKB","CKB",702,TRUE
"PPP1R13B","PPP1R13B",329,TRUE
"ATP5MPL","ATP5MPL",280,TRUE
"PLD4","PLD4",241,TRUE
"SNRPN","SNRPN",422,TRUE
"FAN1","FAN1",210,TRUE
"SRP14","SRP14",235,TRUE
"PLCB2","PLCB2",438,TRUE
"CHP1","CHP1",214,TRUE
"RTF1","RTF1",276,TRUE
"SNAP23","SNAP23",327,TRUE
"TMEM62","TMEM62",253,TRUE
"MAP1A","MAP1A",267,TRUE
"PDIA3","PDIA3",359,TRUE
"SERF2","SERF2",378,TRUE
"B2M","B2M",688,TRUE
"GATM","GATM",319,TRUE
"MYEF2","MYEF2",320,TRUE
"DUT","DUT",404,TRUE
"EID1","EID1",266,TRUE
"DTWD1","DTWD1",241,TRUE
"GABPB1","GABPB1",197,TRUE
"USP8","USP8",414,TRUE
"ARPP19","ARPP19",562,TRUE
"CCPG1","CCPG1",394,TRUE
"MYO1E","MYO1E",455,TRUE
"BNIP2","BNIP2",249,TRUE
"RAB8B","RAB8B",493,TRUE
"CIAO2A","CIAO2A",199,TRUE
"OAZ2","OAZ2",259,TRUE
"CLPX","CLPX",212,TRUE
"RAB11A","RAB11A",597,TRUE
"RPL4","RPL4",262,TRUE
"AAGAB","AAGAB",276,TRUE
"RPLP1","RPLP1",465,TRUE
"PKM","PKM",493,TRUE
"ARID3B","ARID3B",290,TRUE
"CSK","CSK",286,TRUE
"ULK3","ULK3",192,TRUE
"SCAMP2","SCAMP2",459,TRUE
"SCAMP5","SCAMP5",265,TRUE
"MAN2C1","MAN2C1",318,TRUE
"CTSH","CTSH",267,TRUE
"IL16","IL16",188,TRUE
"EFL1","EFL1",284,TRUE
"RPS17","RPS17",274,TRUE
"TM6SF1","TM6SF1",404,TRUE
"HDGFL3","HDGFL3",256,TRUE
"NGRN","NGRN",242,TRUE
"AC090825.1","AC090825.1",241,TRUE
"ADAMTS17","ADAMTS17",262,TRUE
"TM2D3","TM2D3",241,TRUE
"RHOT2","RHOT2",278,TRUE
"UBE2I","UBE2I",261,TRUE
"CLCN7","CLCN7",293,TRUE
"CRAMP1","CRAMP1",246,TRUE
"NME3","NME3",274,TRUE
"SPSB3","SPSB3",179,TRUE
"RPS2","RPS2",414,TRUE
"PKD1","PKD1",304,TRUE
"ATP6V0C","ATP6V0C",559,TRUE
"ELOB","ELOB",195,TRUE
"ZNF263","ZNF263",223,TRUE
"PMM2","PMM2",247,TRUE
"LITAF","LITAF",241,TRUE
"GSPT1","GSPT1",407,TRUE
"RPS15A","RPS15A",275,TRUE
"ARL6IP1","ARL6IP1",452,TRUE
"ACSM5","ACSM5",313,TRUE
"THUMPD1","THUMPD1",242,TRUE
"AC005632.3","AC005632.3",222,TRUE
"IGSF6","IGSF6",225,TRUE
"NFATC2IP","NFATC2IP",324,TRUE
"YPEL3","YPEL3",380,TRUE
"CORO1A","CORO1A",328,TRUE
"ITGAL","ITGAL",312,TRUE
"ZNF267","ZNF267",225,TRUE
"BRD7","BRD7",239,TRUE
"SALL1","SALL1",345,TRUE
"MT3","MT3",258,TRUE
"HERPUD1","HERPUD1",441,TRUE
"FAM192A","FAM192A",301,TRUE
"RSPRY1","RSPRY1",283,TRUE
"NDRG4","NDRG4",337,TRUE
"TK2","TK2",232,TRUE
"RIPOR1","RIPOR1",259,TRUE
"CYB5B","CYB5B",258,TRUE
"CMTR2","CMTR2",274,TRUE
"AC116667.1","AC116667.1",192,TRUE
"KIAA0513","KIAA0513",289,TRUE
"COX4I1","COX4I1",294,TRUE
"CYBA","CYBA",567,TRUE
"MVD","MVD",208,TRUE
"RNF166","RNF166",314,TRUE
"PIEZO1","PIEZO1",330,TRUE
"RPL13","RPL13",813,TRUE
"ZNF276","ZNF276",290,TRUE
"SGSM2","SGSM2",296,TRUE
"SPNS3","SPNS3",204,TRUE
"ARRB2","ARRB2",662,TRUE
"CXCL16","CXCL16",238,TRUE
"PFN1","PFN1",204,TRUE
"CAMTA2","CAMTA2",218,TRUE
"NUP88","NUP88",221,TRUE
"XAF1","XAF1",546,TRUE
"RNASEK","RNASEK",234,TRUE
"DLG4","DLG4",223,TRUE
"ACADVL","ACADVL",276,TRUE
"GABARAP","GABARAP",269,TRUE
"EIF4A1","EIF4A1",521,TRUE
"SAT2","SAT2",262,TRUE
"PER1","PER1",228,TRUE
"VAMP2","VAMP2",618,TRUE
"RPL26","RPL26",377,TRUE
"PIK3R6","PIK3R6",201,TRUE
"COX10","COX10",217,TRUE
"UBB","UBB",261,TRUE
"CCDC144A","CCDC144A",302,TRUE
"LGALS9","LGALS9",383,TRUE
"SUPT6H","SUPT6H",333,TRUE
"RPL23A","RPL23A",377,TRUE
"ABHD15-AS1","ABHD15-AS1",206,TRUE
"TEFM","TEFM",256,TRUE
"RNF135","RNF135",242,TRUE
"CDK5R1","CDK5R1",217,TRUE
"RPL23","RPL23",373,TRUE
"PLXDC1","PLXDC1",237,TRUE
"RPL19","RPL19",460,TRUE
"STARD3","STARD3",224,TRUE
"MSL1","MSL1",359,TRUE
"EIF1","EIF1",513,TRUE
"KAT2A","KAT2A",330,TRUE
"EZH1","EZH1",362,TRUE
"RPL27","RPL27",187,TRUE
"HDAC5","HDAC5",350,TRUE
"GRN","GRN",257,TRUE
"GFAP","GFAP",207,TRUE
"NMT1","NMT1",343,TRUE
"AC008105.3","AC008105.3",367,TRUE
"ARHGAP27","ARHGAP27",415,TRUE
"ARL17B","ARL17B",584,TRUE
"NSF","NSF",529,TRUE
"GOSR2","GOSR2",234,TRUE
"EFCAB13","EFCAB13",378,TRUE
"CDK5RAP3","CDK5RAP3",254,TRUE
"NFE2L1","NFE2L1",219,TRUE
"AC004797.1","AC004797.1",180,TRUE
"MMD","MMD",304,TRUE
"SRSF1","SRSF1",328,TRUE
"DYNLL2","DYNLL2",220,TRUE
"LIMD2","LIMD2",179,TRUE
"SNHG25","SNHG25",353,TRUE
"MILR1","MILR1",358,TRUE
"LRRC37A3","LRRC37A3",223,TRUE
"GNA13","GNA13",569,TRUE
"ARSG","ARSG",203,TRUE
"PRKAR1A","PRKAR1A",351,TRUE
"RPL38","RPL38",339,TRUE
"CD300A","CD300A",299,TRUE
"NT5C","NT5C",207,TRUE
"AC011933.4","AC011933.4",169,TRUE
"H3F3B","H3F3B",466,TRUE
"WBP2","WBP2",270,TRUE
"SRSF2","SRSF2",460,TRUE
"USP36","USP36",294,TRUE
"ENGASE","ENGASE",192,TRUE
"GAA","GAA",420,TRUE
"NPTX1","NPTX1",245,TRUE
"BAIAP2","BAIAP2",240,TRUE
"SLC38A10","SLC38A10",392,TRUE
"P4HB","P4HB",227,TRUE
"MAFG","MAFG",251,TRUE
"SLC16A3","SLC16A3",202,TRUE
"HEXD","HEXD",197,TRUE
"CYBC1","CYBC1",295,TRUE
"NARF","NARF",263,TRUE
"RALBP1","RALBP1",219,TRUE
"NAPG","NAPG",320,TRUE
"MPPE1","MPPE1",350,TRUE
"RNMT","RNMT",378,TRUE
"ESCO1","ESCO1",288,TRUE
"ABHD3","ABHD3",410,TRUE
"RIOK3","RIOK3",315,TRUE
"TTC39C","TTC39C",319,TRUE
"EPG5","EPG5",392,TRUE
"ATP5F1A","ATP5F1A",228,TRUE
"RPL17","RPL17",423,TRUE
"POLI","POLI",224,TRUE
"AC027097.2","AC027097.2",420,TRUE
"ATP8B1","ATP8B1",180,TRUE
"TMX3","TMX3",372,TRUE
"CCDC102B","CCDC102B",216,TRUE
"RTTN","RTTN",942,TRUE
"CBLN2","CBLN2",209,TRUE
"BSG","BSG",278,TRUE
"ARHGAP45","ARHGAP45",337,TRUE
"GPX4","GPX4",268,TRUE
"ATP5F1D","ATP5F1D",195,TRUE
"MIDN","MIDN",293,TRUE
"DAZAP1","DAZAP1",333,TRUE
"RPS15","RPS15",634,TRUE
"MBD3","MBD3",251,TRUE
"UQCR11","UQCR11",220,TRUE
"ABHD17A","ABHD17A",213,TRUE
"CSNK1G2","CSNK1G2",292,TRUE
"AP3D1","AP3D1",359,TRUE
"OAZ1","OAZ1",521,TRUE
"SPPL2B","SPPL2B",230,TRUE
"GNA15","GNA15",213,TRUE
"MFSD12","MFSD12",314,TRUE
"EEF2","EEF2",333,TRUE
"MAP2K2","MAP2K2",207,TRUE
"RPL36","RPL36",374,TRUE
"TUBB4A","TUBB4A",253,TRUE
"PNPLA6","PNPLA6",266,TRUE
"RPS28","RPS28",687,TRUE
"COL5A3","COL5A3",207,TRUE
"CDC37","CDC37",203,TRUE
"PDE4A","PDE4A",289,TRUE
"QTRT1","QTRT1",220,TRUE
"DOCK6","DOCK6",202,TRUE
"RGL3","RGL3",271,TRUE
"ZNF433-AS1","ZNF433-AS1",241,TRUE
"JUNB","JUNB",286,TRUE
"CALR","CALR",197,TRUE
"LYL1","LYL1",197,TRUE
"TRMT1","TRMT1",351,TRUE
"ZNF333","ZNF333",219,TRUE
"RASAL3","RASAL3",346,TRUE
"SIN3B","SIN3B",287,TRUE
"PLVAP","PLVAP",257,TRUE
"COLGALT1","COLGALT1",452,TRUE
"FCHO1","FCHO1",293,TRUE
"RPL18A","RPL18A",290,TRUE
"ARRDC2","ARRDC2",213,TRUE
"JUND","JUND",587,TRUE
"PGPEP1","PGPEP1",280,TRUE
"ELL","ELL",265,TRUE
"FKBP8","FKBP8",284,TRUE
"UBA52","UBA52",327,TRUE
"REX1BD","REX1BD",263,TRUE
"TMEM59L","TMEM59L",339,TRUE
"COPE","COPE",241,TRUE
"NDUFA13","NDUFA13",316,TRUE
"CEBPA","CEBPA",212,TRUE
"KIAA0355","KIAA0355",536,TRUE
"ZNF302","ZNF302",235,TRUE
"GRAMD1A","GRAMD1A",395,TRUE
"SCN1B","SCN1B",212,TRUE
"HAMP","HAMP",151,TRUE
"COX6B1","COX6B1",188,TRUE
"TYROBP","TYROBP",422,TRUE
"ZNF565","ZNF565",257,TRUE
"KCNK6","KCNK6",229,TRUE
"EIF3K","EIF3K",247,TRUE
"HNRNPL","HNRNPL",495,TRUE
"ZFP36","ZFP36",223,TRUE
"RPS16","RPS16",299,TRUE
"SUPT5H","SUPT5H",261,TRUE
"FCGBP","FCGBP",340,TRUE
"RAB4B","RAB4B",243,TRUE
"TMEM91","TMEM91",236,TRUE
"RPS19","RPS19",664,TRUE
"ARHGEF1","ARHGEF1",388,TRUE
"ATP1A3","ATP1A3",253,TRUE
"SMG9","SMG9",215,TRUE
"APOE","APOE",551,TRUE
"APOC2","APOC2",327,TRUE
"CLPTM1","CLPTM1",213,TRUE
"ERCC1","ERCC1",262,TRUE
"CALM3","CALM3",523,TRUE
"SELENOW","SELENOW",410,TRUE
"RPL18","RPL18",428,TRUE
"BAX","BAX",173,TRUE
"FTL","FTL",1139,TRUE
"CD37","CD37",303,TRUE
"SLC17A7","SLC17A7",402,TRUE
"RPL13A","RPL13A",660,TRUE
"RPS11","RPS11",395,TRUE
"PRR12","PRR12",261,TRUE
"IRF3","IRF3",245,TRUE
"SIGLEC11","SIGLEC11",194,TRUE
"SIGLEC10","SIGLEC10",250,TRUE
"SIGLEC8","SIGLEC8",328,TRUE
"PPP2R1A","PPP2R1A",315,TRUE
"ZNF611","ZNF611",306,TRUE
"ZNF160","ZNF160",267,TRUE
"ZNF331","ZNF331",381,TRUE
"CACNG8","CACNG8",205,TRUE
"RPS9","RPS9",404,TRUE
"LAIR1","LAIR1",355,TRUE
"LILRB1","LILRB1",221,TRUE
"LILRB4","LILRB4",329,TRUE
"PPP1R12C","PPP1R12C",210,TRUE
"PPP6R1","PPP6R1",229,TRUE
"BRSK1","BRSK1",240,TRUE
"RPL28","RPL28",644,TRUE
"MZF1","MZF1",231,TRUE
"RBCK1","RBCK1",210,TRUE
"PSMF1","PSMF1",308,TRUE
"FKBP1A","FKBP1A",279,TRUE
"NSFL1C","NSFL1C",223,TRUE
"AL109809.5","AL109809.5",223,TRUE
"PRNP","PRNP",594,TRUE
"SHLD1","SHLD1",425,TRUE
"SPTLC3","SPTLC3",402,TRUE
"ESF1","ESF1",324,TRUE
"DSTN","DSTN",218,TRUE
"SNX5","SNX5",233,TRUE
"ZNF133","ZNF133",245,TRUE
"SEC23B","SEC23B",228,TRUE
"NAA20","NAA20",381,TRUE
"NAPB","NAPB",390,TRUE
"CST3","CST3",502,TRUE
"APMAP","APMAP",616,TRUE
"ACSS1","ACSS1",395,TRUE
"ENTPD6","ENTPD6",287,TRUE
"CDK5RAP1","CDK5RAP1",250,TRUE
"CHMP4B","CHMP4B",284,TRUE
"MAP1LC3A","MAP1LC3A",212,TRUE
"NORAD","NORAD",475,TRUE
"TGIF2","TGIF2",428,TRUE
"CTNNBL1","CTNNBL1",402,TRUE
"SRSF6","SRSF6",231,TRUE
"SLC12A5","SLC12A5",211,TRUE
"CEBPB","CEBPB",425,TRUE
"ZNF217","ZNF217",244,TRUE
"RTF2","RTF2",299,TRUE
"CTSZ","CTSZ",391,TRUE
"ATP5F1E","ATP5F1E",357,TRUE
"PSMA7","PSMA7",183,TRUE
"SS18L1","SS18L1",200,TRUE
"RPS21","RPS21",256,TRUE
"OGFR","OGFR",226,TRUE
"ARFGAP1","ARFGAP1",258,TRUE
"KCNQ2","KCNQ2",227,TRUE
"EEF1A2","EEF1A2",226,TRUE
"TPD52L2","TPD52L2",214,TRUE
"AF127936.2","AF127936.2",252,TRUE
"AJ009632.2","AJ009632.2",244,TRUE
"CXADR","CXADR",438,TRUE
"LINC01684","LINC01684",224,TRUE
"ATP5PF","ATP5PF",193,TRUE
"CCT8","CCT8",230,TRUE
"GRIK1","GRIK1",377,TRUE
"SOD1","SOD1",205,TRUE
"TMEM50B","TMEM50B",259,TRUE
"ETS2","ETS2",547,TRUE
"HMGN1","HMGN1",375,TRUE
"MX1","MX1",251,TRUE
"C2CD2","C2CD2",262,TRUE
"ITGB2","ITGB2",339,TRUE
"COL18A1","COL18A1",249,TRUE
"ADA2","ADA2",347,TRUE
"BCL2L13","BCL2L13",358,TRUE
"UBE2L3","UBE2L3",338,TRUE
"CHCHD10","CHCHD10",204,TRUE
"MIF","MIF",249,TRUE
"MIAT","MIAT",330,TRUE
"HSCB","HSCB",217,TRUE
"UQCR10","UQCR10",184,TRUE
"ASCC2","ASCC2",279,TRUE
"LIMK2","LIMK2",218,TRUE
"GGA1","GGA1",307,TRUE
"SH3BP1","SH3BP1",219,TRUE
"EIF3L","EIF3L",245,TRUE
"NPTXR","NPTXR",262,TRUE
"RPL3","RPL3",478,TRUE
"SYNGR1","SYNGR1",282,TRUE
"ATF4","ATF4",250,TRUE
"ST13","ST13",258,TRUE
"XPNPEP3","XPNPEP3",234,TRUE
"RBX1","RBX1",366,TRUE
"RANGAP1","RANGAP1",265,TRUE
"SNU13","SNU13",187,TRUE
"WBP2NL","WBP2NL",362,TRUE
"PARVG","PARVG",314,TRUE
"CERK","CERK",306,TRUE
"AL118516.1","AL118516.1",144,TRUE
"TRABD","TRABD",227,TRUE
"SELENOO","SELENOO",319,TRUE
"PLXNB2","PLXNB2",301,TRUE
"TYMP","TYMP",197,TRUE
"CHKB","CHKB",233,TRUE
"IL3RA","IL3RA",267,TRUE
"SLC25A6","SLC25A6",204,TRUE
"CD99","CD99",390,TRUE
"STS","STS",213,TRUE
"AC079142.1","AC079142.1",318,TRUE
"ANOS1","ANOS1",558,TRUE
"TMSB4X","TMSB4X",1668,TRUE
"OFD1","OFD1",384,TRUE
"ZRSR2","ZRSR2",210,TRUE
"SMS","SMS",347,TRUE
"ACOT9","ACOT9",205,TRUE
"POLA1","POLA1",406,TRUE
"BCOR","BCOR",216,TRUE
"ATP6AP2","ATP6AP2",283,TRUE
"GPR34","GPR34",565,TRUE
"KRBOX4","KRBOX4",245,TRUE
"ZNF81","ZNF81",216,TRUE
"RBM3","RBM3",221,TRUE
"PCSK1N","PCSK1N",235,TRUE
"SYP","SYP",386,TRUE
"NBDY","NBDY",380,TRUE
"VSIG4","VSIG4",298,TRUE
"RPS4X","RPS4X",361,TRUE
"NEXMIF","NEXMIF",340,TRUE
"ABCB7","ABCB7",373,TRUE
"PGK1","PGK1",373,TRUE
"BTK","BTK",260,TRUE
"RPL36A","RPL36A",366,TRUE
"ARMCX3","ARMCX3",210,TRUE
"ARMCX5-GPRASP2","ARMCX5-GPRASP2",251,TRUE
"BEX1","BEX1",226,TRUE
"BEX4","BEX4",213,TRUE
"BEX3","BEX3",312,TRUE
"MORF4L2","MORF4L2",367,TRUE
"PLP1","PLP1",797,TRUE
"RBM41","RBM41",379,TRUE
"XACT","XACT",892,TRUE
"RPL39","RPL39",331,TRUE
"UPF3B","UPF3B",260,TRUE
"SMARCA1","SMARCA1",277,TRUE
"OCRL","OCRL",273,TRUE
"SASH3","SASH3",236,TRUE
"RAP2C-AS1","RAP2C-AS1",208,TRUE
"MBNL3","MBNL3",183,TRUE
"MIR503HG","MIR503HG",195,TRUE
"RTL8C","RTL8C",192,TRUE
"ZNF75D","ZNF75D",249,TRUE
"SLC9A6","SLC9A6",287,TRUE
"FMR1","FMR1",238,TRUE
"ARHGAP4","ARHGAP4",463,TRUE
"RPL10","RPL10",590,TRUE
"TAZ","TAZ",312,TRUE
"GDI1","GDI1",349,TRUE
"USP9Y","USP9Y",149,TRUE
"UTY","UTY",166,TRUE
"NLGN4Y","NLGN4Y",158,TRUE
"TTTY14","TTTY14",188,TRUE
"AL592183.1","AL592183.1",343,TRUE
